,alpha,error,model
downloads,1.5834924000429997,0.0013612827024815503,Gabaix
downloads,1.5606990030904928,0.010989700460573659,Clauset
